{
    "providers": [
        {
         "type": "bitmap",
         "file": "icons:statistic/stats.png",
         "ascent": 8,
         "height": 9,
         "chars": [
            "\uDB80\uDC91\uDB80\uDCAC\uDB80\uDCC7\uDB80\uDCE2",
            "\uDB80\uDC92\uDB80\uDCAD\uDB80\uDCC8\uDB80\uDCE3",
            "\uDB80\uDC93\uDB80\uDCAE\uDB80\uDCC9\uDB80\uDCE4",
            "\uDB80\uDC94\uDB80\uDCAF\uDB80\uDCCA\uDB80\uDCE5",
            "\uDB80\uDC95\uDB80\uDCB0\uDB80\uDCCB\uDB80\uDCE6",
            "\uDB80\uDC96\uDB80\uDCB1\uDB80\uDCCC\uDB80\uDCE7",
            "\uDB80\uDC97\uDB80\uDCB2\uDB80\uDCCD\uDB80\uDCE8",
            "\uDB80\uDC98\uDB80\uDCB3\uDB80\uDCCE\uDB80\uDCE9",
            "\uDB80\uDC99\uDB80\uDCB4\uDB80\uDCCF\uDB80\uDCEA",
            "\uDB80\uDC9A\uDB80\uDCB5\uDB80\uDCD0\uDB80\uDCEB",
            "\uDB80\uDC9B\uDB80\uDCB6\uDB80\uDCD1\uDB80\uDCEC",
            "\uDB80\uDC9C\uDB80\uDCB7\uDB80\uDCD2\uDB80\uDCEE",
            "\uDB80\uDC9D\uDB80\uDCB8\uDB80\uDCD3\uDB80\uDCEF",
            "\uDB80\uDC9E\uDB80\uDCB9\uDB80\uDCD4\uDB80\uDCF0",
            "\uDB80\uDC9F\uDB80\uDCBA\uDB80\uDCD5\uDB80\uDCF1",
            "\uDB80\uDCA0\uDB80\uDCBB\uDB80\uDCD6\uDB80\uDCF2",
            "\uDB80\uDCA1\uDB80\uDCBC\uDB80\uDCD7\uDB80\uDCF3",
            "\uDB80\uDCA2\uDB80\uDCBD\uDB80\uDCD8\uDB80\uDCF4",
            "\uDB80\uDCA3\uDB80\uDCBE\uDB80\uDCD9\uDB80\uDCF5",
            "\uDB80\uDCA4\uDB80\uDCBF\uDB80\uDCDA\uDB80\uDCF6",
            "\uDB80\uDCA5\uDB80\uDCC0\uDB80\uDCDB\uDB80\uDCF7",
            "\uDB80\uDCA6\uDB80\uDCC1\uDB80\uDCDC\uDB80\uDCF8",
            "\uDB80\uDCA7\uDB80\uDCC2\uDB80\uDCDD\uDB80\uDCF9",
            "\uDB80\uDCA8\uDB80\uDCC3\uDB80\uDCDE\uDB80\uDCFA",
            "\uDB80\uDCA9\uDB80\uDCC4\uDB80\uDCDF\uDB80\uDCFB",
            "\uDB80\uDCAA\uDB80\uDCC5\uDB80\uDCE0\uDB80\uDCFC",
            "\uDB80\uDCAB\uDB80\uDCC6\uDB80\uDCE1\uDB80\uDCFD"
            ]
        }
    ]
}
