{
  "type": "tacz:gun_smith_table_crafting",
  "materials": [
    {
      "item": {
        "tag": "forge:ingots/iron"
      },
      "count": 48
    },
    {
      "item": {
        "tag": "forge:gems/lapis"
      },
      "count": 8
    },
    {
      "item": {
        "tag": "forge:ingots/gold"
      },
      "count": 16
    },
    {
      "item": {
        "tag": "forge:gems/quartz"
      },
      "count": 10
    }
  ],
  "result": {
    "type": "gun",
    "id": "applied_armorer:niklas_smg_freedom"
  }
}