{
  "type": "tacz:gun_smith_table_crafting",
  "materials": [
    {
      "item": {
        "tag": "forge:ingots/copper"
      },
      "count": 8
    },
    {
      "item": {
        "tag": "forge:gems/lapis"
      },
      "count": 4
    },
    {
      "item": {
        "tag": "forge:dusts/redstone"
      },
      "count": 6
    },
    {
      "item": {
        "tag": "forge:gunpowder"
      },
      "count": 6
    }
  ],
  "result": {
    "type": "ammo",
    "id": "applied_armorer:fluix_infused_grenade",
    "count": 12
  }
}