{
  "materials": [
    {
      "item": {
        "tag": "forge:ingots/iron"
      },
      "count": 42
    },
    {
      "item": {
        "tag": "forge:ingots/copper"
      },
      "count": 21
    },
    {
      "item": {
        "tag": "forge:gems/lapis"
      },
      "count": 12
    },
    {
      "item": {
        "tag": "minecraft:logs"
      },
      "count": 8
    }
  ],
  "result": {
    "type": "gun",
    "id": "create_armorer:rifle_assult_roller"
  },
  "type": "tacz:gun_smith_table_crafting"
}